id,name,email
38271,Antonio Luna Silverio,antonio.silverio@example.com
19203,Bernadette Sembrano Vizcarra,b.vizcarra@example.com
74829,Crisanto Evangelista,crisanto.e@example.com
55032,Dahlia Flores Kusaka,dahlia.kusaka@example.com
44921,Emilio Jacinto Rivera,emilio.rivera@example.com
88302,Fe Del Mundo Solis,fe.solis@example.com
12039,Gregorio del Pilar Cruz,gregorio.cruz@example.com
66293,Hilda Koronel Pineda,hilda.pineda@example.com
31048,Isko Moreno Domagoso,isko.domagoso@example.com
99281,Jovito Salonga Recto,jovito.recto@example.com
47382,Karylle Tatlonghari Padua,k.padua@example.com
22019,Leandro Locsin Vinuya,leandro.vinuya@example.com
85732,Melchora Aquino Ramos,melchora.ramos@example.com
56102,Nora Aunor Villamayor,nora.v@example.com
77481,Olympia Guanzon,olympia.guanzon@example.com
10293,Paciano Rizal Mercado,paciano.mercado@example.com
63920,Quintin Paredes,quintin.paredes@example.com
44831,Regine Velasquez Alcasid,regine.alcasid@example.com
29304,Sergio Osmeña Sr. Chiong,sergio.chiong@example.com
81023,Trinidad Tecson,trinidad.tecson@example.com
52938,Ulysses S. Grant Belmonte,u.belmonte@example.com
33948,Vilma Santos Recto,vilma.recto@example.com
71029,Waldo Perfecto,waldo.perfecto@example.com
15482,Ximena Castillo,ximena.castillo@example.com
90231,Ysabella Roxas,ysabella.roxas@example.com
46281,Zosimo Romulo,zosimo.romulo@example.com
28394,Aga Muhlach Cheng,aga.cheng@example.com
62930,Bea Alonzo Phol,bea.phol@example.com
11203,Cesar Montano Manhilot,cesar.manhilot@example.com
88372,Diether Ocampo Pascual,diether.pascual@example.com
